Series Name,Country Name,2000,2001,2002,2003,2004,2005,2006,2007,2008,2009,2010,2011,2012,2013,2014,2015,2016,2017,2018,2019,2020,2021
"Life expectancy at birth, total (years)",Angola,46.024,46.59,47.386,49.617,50.592,51.57,52.369,53.642,54.633,55.752,56.726,57.596,58.623,59.307,60.04,60.655,61.092,61.68,62.144,62.448,62.261,61.643
"Life expectancy at birth, total (years)",Bangladesh,65.779,66.135,66.612,66.824,67.187,67.299,67.241,66.714,67.051,67.403,68.638,68.809,69.554,69.565,69.986,70.491,71.09,71.788,72.567,72.806,71.968,72.381
"Life expectancy at birth, total (years)",Benin,56.578,56.66,56.606,56.738,56.826,57.125,57.456,57.675,57.869,57.956,58.363,58.462,58.716,58.965,59.125,59.377,59.539,59.856,60.14,60.454,60.088,59.821
"Life expectancy at birth, total (years)",Bhutan,62.01,63.444,64.078,64.696,65.268,65.805,66.362,66.954,67.499,67.897,68.43,68.881,69.326,69.707,70.049,70.343,70.602,70.847,71.129,71.391,71.609,71.815
"Life expectancy at birth, total (years)",Bolivia,62.346,62.843,63.306,63.635,64.004,64.386,64.779,65.027,65.446,65.88,66.162,66.534,66.705,67.021,67.163,67.318,67.628,67.701,67.748,67.841,64.467,63.63
"Life expectancy at birth, total (years)",Cabo Verde,68.618,69.929,70.705,71.429,71.999,72.68,72.239,72.835,72.508,73.088,73.499,74.257,74.484,75.059,75.24,74.62,75.742,76.593,75.733,76.004,74.808,74.052
"Life expectancy at birth, total (years)",Cambodia,58.625,59.966,61.226,62.523,63.552,64.293,65.059,65.731,66.47,67.444,67.712,68.416,68.915,69.304,69.736,69.873,70.224,70.515,70.561,70.692,70.416,69.584
"Life expectancy at birth, total (years)",Cameroon,52.932,53.142,53.415,53.883,54.178,54.362,54.856,55.165,55.655,56.102,56.582,57.133,57.792,58.476,58.935,59.658,60.233,60.81,61.18,61.584,60.833,60.333
"Life expectancy at birth, total (years)",Comoros,58.757,59.163,59.056,59.258,59.48,59.604,59.875,60.102,60.475,60.831,61.123,61.503,61.834,62.224,62.516,62.896,63.237,63.625,63.912,64.068,64.166,63.417
"Life expectancy at birth, total (years)","Congo, Rep.",53.682,54.395,55.088,55.948,56.986,58.126,58.878,59.643,60.426,61.088,61.683,61.992,62.317,62.695,62.95,63.233,63.577,63.76,64.053,62.747,63.785,63.519
"Life expectancy at birth, total (years)",Cote d'Ivoire,50.842,50.81,50.886,50.954,51.363,51.824,52.355,52.97,53.653,54.394,55.023,55.52,56.158,56.748,57.208,57.762,58.06,58.48,58.849,59.319,59.032,58.598
"Life expectancy at birth, total (years)",Djibouti,56.573,56.903,57.215,57.595,57.759,58.316,58.715,59.024,59.365,59.673,60.259,60.433,60.848,61.221,61.641,61.957,62.191,62.797,63.038,63.085,62.694,62.305
"Life expectancy at birth, total (years)","Egypt, Arab Rep.",68.007,68.308,68.564,68.402,68.613,68.779,68.977,69.128,69.319,69.48,69.664,69.88,70.085,70.052,70.415,70.483,70.844,71.302,71.367,71.358,70.99,70.221
"Life expectancy at birth, total (years)",Eswatini,47.256,45.975,44.486,43.349,42.538,42.125,43.12,43.641,44.175,44.639,46.619,48.195,49.835,51.486,53.05,55.019,56.659,57.895,59.411,60.549,59.692,57.066
"Life expectancy at birth, total (years)",Ghana,58.195,58.107,58.608,59.111,59.191,59.76,59.988,60.224,60.49,60.946,61.157,61.652,62.081,62.42,63.045,63.175,63.89,64.013,64.122,64.74,64.114,63.795
"Life expectancy at birth, total (years)",Guinea,52.479,52.662,53.278,53.678,54.117,54.632,55.108,55.553,56.044,56.348,56.72,57.019,57.406,57.791,57.886,58.134,58.763,59.109,59.349,59.72,59.327,58.892
"Life expectancy at birth, total (years)",Haiti,58.365,58.489,58.855,59.507,58.475,60.415,60.763,61.103,61.332,61.741,46.019,61.623,62.291,62.605,62.987,63.237,63.392,63.854,64.019,64.255,64.052,63.192
"Life expectancy at birth, total (years)",Honduras,68.662,69.006,69.366,69.507,69.796,70.104,70.261,70.376,70.441,70.911,71.088,71.439,71.734,71.963,72.259,72.487,72.588,72.692,72.814,72.881,71.462,70.123
"Life expectancy at birth, total (years)",India,62.669,63.091,63.616,64.094,64.524,64.996,65.412,65.788,66.149,66.513,66.909,67.359,67.887,68.46,69.074,69.636,70.117,70.467,70.71,70.91,70.15,67.24
"Life expectancy at birth, total (years)",Jordan,71.918,72.147,72.359,72.573,72.772,72.932,73.145,73.373,73.591,73.801,74,74.189,74.366,74.562,74.789,75.011,75.215,75.502,75.774,76.044,75.184,74.256
"Life expectancy at birth, total (years)",Kenya,54.411,54.508,54.99,55.601,56.361,57.344,58.222,58.865,59.614,60.365,60.649,61.046,61.115,61.389,61.816,61.892,62.163,62.481,62.676,62.943,62.675,61.427
"Life expectancy at birth, total (years)",Kiribati,64.409,64.655,64.84,64.954,64.989,64.967,64.906,64.844,64.834,64.892,65.016,65.19,65.378,65.588,65.815,66.059,66.332,66.597,66.855,67.15,67.266,67.417
"Life expectancy at birth, total (years)",Kyrgyz Republic,68.55853659,68.70731707,68.15609756,68.25609756,68.15365854,67.95609756,67.69512195,67.89512195,68.45121951,69.10243902,69.3,69.60243902,70.00243902,70.20243902,70.40243902,70.65121951,70.95121951,71.2,71.4,71.6,71.8,71.9
"Life expectancy at birth, total (years)",Lao PDR,58.378,59.07,59.534,60.031,60.293,60.98,61.493,62.084,62.603,63.273,63.973,64.736,65.355,65.718,66.361,66.67,67.167,67.434,67.634,68.138,68.497,68.061
"Life expectancy at birth, total (years)",Lebanon,73.931,74.365,75.064,75.593,75.976,76.273,76.08,77.08,77.584,77.889,78.156,78.404,78.628,78.765,78.973,79.229,79.505,79.654,79.729,79.236,77.804,75.047
"Life expectancy at birth, total (years)",Lesotho,48.427,46.849,45.595,44.53,43.711,43.233,42.914,43.123,43.566,44.034,45.596,46.692,47.835,49.002,50.033,51.101,52.264,53.064,53.733,54.173,54.693,53.062
"Life expectancy at birth, total (years)",Mauritania,61.028,61.185,61.268,61.347,61.593,61.656,61.891,62.228,62.399,62.8,63.105,63.346,63.578,63.911,64.155,64.485,64.768,65.083,65.31,65.687,64.532,64.364
"Life expectancy at birth, total (years)","Micronesia, Fed. Sts.",69.769,70.479,69.46,70.76,70.838,70.884,71.093,71.06,71.137,71.112,71.233,71.318,71.398,71.499,71.529,71.408,71.595,71.467,71.318,71.077,70.674,70.71
"Life expectancy at birth, total (years)",Morocco,66.787,67.18,67.547,67.915,68.231,68.704,69.128,69.604,70.048,70.458,70.829,71.269,71.679,72.122,72.538,72.92,73.284,73.66,73.986,74.27,73.92,74.042
"Life expectancy at birth, total (years)",Myanmar,60.155,60.416,60.725,60.98,61.25,61.599,61.893,62.371,56.506,63.155,63.329,63.901,64.141,64.815,65.056,65.561,65.685,65.843,66.465,66.61,66.797,65.672
"Life expectancy at birth, total (years)",Nepal,62.614,63.336,63.264,64.197,64.818,65.457,65.868,66.329,66.421,66.761,66.814,67.313,67.47,67.965,68.085,67.456,68.776,68.91,68.979,69.558,69.246,68.45
"Life expectancy at birth, total (years)",Nicaragua,67.234,67.215,67.18,67.217,67.423,67.936,68.725,69.559,70.586,71.433,72.009,72.416,72.615,72.704,72.812,72.983,73.256,73.554,73.85,74.054,71.795,73.837
"Life expectancy at birth, total (years)",Nigeria,47.193,47.619,47.928,48.441,48.767,49.297,49.73,50.033,50.225,50.712,50.945,51.357,51.497,51.707,51.791,51.841,52.043,52.305,52.554,52.91,52.887,52.676
"Life expectancy at birth, total (years)",Pakistan,62.102,62.421,62.626,62.843,63.052,62.466,63.731,63.852,64.036,64.14,64.436,64.648,64.782,65.15,65.284,65.697,65.88,66.297,66.482,66.756,66.269,66.098
"Life expectancy at birth, total (years)",Papua New Guinea,61.72,61.773,61.698,61.797,61.761,61.801,61.917,62.034,62.571,62.788,63.039,63.526,63.733,63.961,64.259,64.701,64.84,65.103,65.182,65.474,65.787,65.351
"Life expectancy at birth, total (years)",Philippines,69.413,69.614,69.781,69.924,70.037,70.24,70.282,70.483,70.564,70.633,70.754,70.788,70.881,70.835,71.151,71.268,71.387,71.516,71.689,71.865,72.119,69.266
"Life expectancy at birth, total (years)",Samoa,70.746,71.019,71.276,71.496,71.696,71.754,72.021,72.1,72.155,70.066,72.249,72.26,72.167,72.391,72.463,72.515,72.54,72.59,72.636,72.157,72.768,72.767
"Life expectancy at birth, total (years)",Sao Tome and Principe,61.655,62.032,62.6,63.166,63.731,63.709,64.398,64.724,65.079,65.116,65.249,64.902,65.746,66.328,66.845,67.249,67.492,68.267,68.355,68.523,67.785,67.591
"Life expectancy at birth, total (years)",Senegal,56.943,57.564,58.231,59.122,60.027,60.915,61.75,62.543,63.242,63.923,64.615,65.262,65.457,66.072,66.452,66.879,67.497,67.75,68.097,68.526,68.006,67.093
"Life expectancy at birth, total (years)",Solomon Islands,67.225,67.364,67.515,67.644,67.801,67.936,68.09,67.986,68.404,68.466,68.732,68.908,69.084,69.188,69.234,69.583,69.801,69.988,70.173,70.382,70.199,70.348
"Life expectancy at birth, total (years)",Sri Lanka,70.355,70.787,71.117,71.373,67.091,72.118,71.969,72.049,71.729,69.187,73.215,73.38,73.906,74.239,74.651,74.927,75.331,75.403,75.748,76.008,76.393,76.399
"Life expectancy at birth, total (years)",Tajikistan,63.26,64.057,64.846,65.552,66.028,66.514,67.013,67.217,67.688,68.039,67.742,68.148,68.484,68.885,69.069,69.306,69.549,69.905,70.353,70.867,67.994,71.594
"Life expectancy at birth, total (years)",Tanzania,52.362,53.161,53.863,54.895,55.596,56.299,56.911,57.52,58.086,58.894,60.105,61.049,62.03,62.96,63.873,64.651,65.386,65.999,66.535,66.989,66.408,66.201
"Life expectancy at birth, total (years)",Timor-Leste,58.568,59.362,60.148,60.871,61.628,62.328,63.073,63.723,64.329,64.854,65.304,65.697,66.081,66.44,66.787,67.137,67.446,67.745,68.017,68.268,68.475,67.737
"Life expectancy at birth, total (years)",Tunisia,73.69,73.816,74.059,74.305,74.49,74.764,74.921,75.072,75.185,75.267,75.421,75.46,75.55,75.65,75.65,75.692,75.786,75.845,75.95,75.993,75.292,73.772
"Life expectancy at birth, total (years)",Uzbekistan,65.724,66.087,66.604,67.04,67.401,67.49,67.891,68.292,68.765,68.871,69.235,69.649,69.874,69.99,70.234,70.475,70.755,71.01,71.149,71.344,70.331,70.862
"Life expectancy at birth, total (years)",Vanuatu,68.966,69.037,69.196,69.276,69.313,69.39,69.462,69.544,69.602,69.653,69.617,69.551,69.497,69.534,69.465,69.513,69.65,69.71,69.795,69.877,70.299,70.449
"Life expectancy at birth, total (years)",Viet Nam,72.462,72.647,72.801,72.98,73.135,73.271,73.319,73.436,73.411,73.498,73.513,73.692,73.704,73.775,73.855,73.876,73.938,73.963,73.976,74.093,75.378,73.618
"Life expectancy at birth, total (years)",West Bank and Gaza,70.388,69.887,70.969,71.053,71.182,72.067,71.915,72.153,72.413,72.608,73.004,73.243,73.466,74.029,72.622,74.406,74.554,74.833,74.793,75.241,74.403,73.473
"Life expectancy at birth, total (years)",Zambia,45.231,46.019,46.979,48.284,49.487,50.659,51.795,52.739,53.945,55.3,56.799,57.771,58.867,59.878,60.699,61.208,61.794,62.12,62.342,62.793,62.38,61.223
"Life expectancy at birth, total (years)",Zimbabwe,44.686,41.957,44.565,43.393,44.502,44.768,45.364,45.61,46.723,48.063,50.652,53.347,55.626,57.458,58.846,59.591,60.306,60.709,61.414,61.292,61.124,59.253
Current health expenditure (% of GDP),Angola,1.90859938,4.48351622,3.32946134,3.54797316,3.96719909,2.85219526,2.68553543,2.97439122,3.32290339,3.84260798,2.69509959,2.64560771,2.39574957,2.73282695,2.43412876,2.60579467,2.71314979,2.79383755,2.58879566,2.47517991,3.22070646,2.96010613
Current health expenditure (% of GDP),Bangladesh,1.80504513,1.77201855,1.93417108,1.96152198,1.99854314,2.05873919,2.10646582,2.17268491,2.11878848,2.18321705,2.28807664,2.36418128,2.3537879,2.29574466,2.27915168,2.27217698,2.38938212,2.36720181,2.31622243,2.25762248,2.27063942,2.36492991
Current health expenditure (% of GDP),Benin,2.9591713,3.30417323,3.09589195,3.11678505,3.23273873,3.22345805,3.28773856,2.93715644,2.65178108,2.88892651,3.00988984,2.99707985,3.07562971,2.86880755,2.69111967,2.72813416,2.79549599,2.66813827,2.88632059,2.50914454,2.46970391,2.58129549
Current health expenditure (% of GDP),Bhutan,4.44684267,5.0041995,4.59563637,4.1293807,4.59777308,4.13416338,4.4061017,4.1298461,3.38117099,3.5476253,3.55879498,3.34921789,3.61913681,3.70787191,3.55791116,3.75701189,3.57613945,3.3407371,3.2427721,3.60361075,4.36274862,3.84550023
Current health expenditure (% of GDP),Bolivia,4.39554119,4.82522202,4.89645052,5.19709635,4.86315727,5.07408142,4.66087532,4.6968894,4.60677242,5.17444515,5.20230532,5.17306805,5.2539444,5.57465124,5.89613628,6.55064964,6.83333063,6.4901948,6.60399437,6.88792992,8.0225811,8.15972805
Current health expenditure (% of GDP),Cabo Verde,4.43401194,4.75244379,4.7555151,4.50008631,4.37710667,4.27364111,4.48974991,4.18900156,3.58312893,3.88152432,4.47555733,4.30527449,5.13365459,5.28994226,5.32722235,4.82334185,4.84606647,5.2683692,4.73804712,4.56319857,6.12421703,6.90378904
Current health expenditure (% of GDP),Cambodia,6.53804731,7.00522089,7.22556973,6.93705606,7.07894278,6.84559298,6.11889315,4.90875959,6.60109425,7.58330584,6.91169977,7.50353098,7.26115417,7.10386753,6.70157766,6.19431591,6.11648464,5.65125847,6.06630135,6.84972715,7.11156559,7.53223085
Current health expenditure (% of GDP),Cameroon,4.11237431,3.88486743,4.02669907,3.90227985,3.72798967,3.77274442,3.73662806,3.70858574,3.65843678,3.49997187,3.57742167,3.85282946,3.9310236,3.63111043,3.78765464,3.59505081,3.5937767,3.39752436,3.61970162,3.65157914,3.77177453,3.82407379
Current health expenditure (% of GDP),Comoros,7.5153451,6.65322924,6.68114853,6.65392351,6.58027744,6.12521315,5.77074099,5.41753864,5.06897497,4.92694378,4.99181557,5.3021183,5.17354631,5.10299349,5.23849726,4.60089922,4.65263557,5.26807451,4.90318584,5.18044472,5.86521959,6.33513117
Current health expenditure (% of GDP),"Congo, Rep.",1.50500846,2.18529987,1.70167828,1.91852403,1.92152369,1.71774101,1.70861316,1.90200174,2.2392714,2.1422224,1.85172856,1.75237322,1.90971065,1.94347155,1.97311735,2.45668483,2.77497125,2.52240992,1.8976357,2.54176092,4.39382887,3.87537813
Current health expenditure (% of GDP),Cote d'Ivoire,6.12679291,6.01767921,5.90386152,5.47972536,5.47516584,5.00639105,4.76326609,4.55249786,4.56869602,4.46966648,4.41577387,4.39700699,4.4273715,3.71773791,3.7310183,3.2198832,3.32101274,3.24693036,3.0916779,3.21496511,3.62587261,3.13269377
Current health expenditure (% of GDP),Djibouti,3.3991127,3.19861364,3.7554152,4.27386999,3.53825521,3.80623102,4.22306824,4.05582809,3.61543369,3.64194465,3.35966682,3.37655354,3.299927,2.92013574,2.96726322,3.3475771,2.7416594,2.46857476,2.33968735,2.16640544,2.15048313,2.87667227
Current health expenditure (% of GDP),"Egypt, Arab Rep.",4.92244291,5.40030336,5.5107379,5.2242527,4.85732365,4.92229176,4.84190083,4.44493246,4.46634817,4.37870932,4.15319157,4.35707569,4.45891809,4.6710043,4.77415323,5.06153202,5.07462406,5.34661913,4.74892998,4.5994668,4.15384626,4.60955143
Current health expenditure (% of GDP),Eswatini,4.60951757,5.13895369,5.52298307,6.37864399,6.81432486,7.37623358,7.82560062,7.93004131,8.85792923,8.63292217,8.5912571,8.46997261,7.82047606,7.45703411,7.25596571,7.05855274,6.82044792,6.98103714,6.62469387,7.15369368,6.59767151,7.03582335
Current health expenditure (% of GDP),Ghana,2.790447,3.17077661,2.88721824,2.82690215,2.76365352,3.63137388,3.67091465,3.80248857,3.87511325,4.37879181,4.22398996,4.69264126,4.00799608,4.59225416,4.01644135,4.5429678,3.39035821,3.73087549,3.80673027,4.29847813,4.01752424,4.15176868
Current health expenditure (% of GDP),Guinea,4.74825478,4.89139318,5.36402321,4.78055525,4.78467607,4.04512262,3.61521959,3.46627593,3.26562262,3.58147597,3.42782617,3.78955102,3.50398517,3.46108699,4.787992,5.80919266,5.39694929,3.91512918,3.73843002,4.08876228,3.876436,3.75556707
Current health expenditure (% of GDP),Haiti,3.99165702,3.7502923,3.43250132,3.53695321,3.42928433,3.30554652,3.48013902,3.64734101,3.75722051,3.50277376,4.54871035,5.91197777,5.56462336,4.10524035,4.52035809,5.07518148,4.80760574,3.8199389,4.31650305,3.91107917,3.22171092,3.47919273
Current health expenditure (% of GDP),Honduras,6.26817989,5.92998314,6.2445755,6.89004707,6.85484362,7.50086403,7.86318684,8.08494949,8.60362625,8.99592495,8.72536373,8.79187012,8.65655136,8.47723007,7.91455746,7.4837904,7.709445,7.00668859,7.22820663,7.30497599,9.03509808,9.16101742
Current health expenditure (% of GDP),India,4.03,4.26,4.24,4.01,3.96,3.79,3.63,3.52,3.51,3.49,3.27,3.25,3.33,3.75,3.62,3.6,3.5,2.94,2.86,2.95,3.34,3.28
Current health expenditure (% of GDP),Jordan,9.34367943,9.57236385,9.2786417,8.78901005,8.74670506,8.49441624,7.67925692,7.90982628,8.48880577,9.22396946,8.17025661,8.14807701,7.81799555,7.16592407,7.20892906,7.4609561,6.97644138,7.10953665,6.98295021,6.99518251,7.03820276,7.28875065
Current health expenditure (% of GDP),Kenya,3.62714171,3.76578307,3.84691834,4.05870771,4.23645926,4.24245214,5.11269999,5.22106314,5.28900909,5.26973343,5.38849831,5.20212841,5.0180583,4.93100405,4.91267347,4.76439571,4.75429106,3.98597503,4.09903383,4.36874676,4.47622252,4.54763126
Current health expenditure (% of GDP),Kiribati,8.65,12.3,11.87,10.7,12.43,11.52,11.54,11.36,14.08,13.49,9.34,8.67,8.69,9.53,10.09,8.11,10.47,11.46,12.97,12.59,16.99,14.81
Current health expenditure (% of GDP),Kyrgyz Republic,4.41,4.28,4.59,5.82,6.2,7.45,8.31,6.93,6.53,6.9,6.95,7.11,8.51,8.19,7.36,7.15,6.41,6.19,5.01,4.49,5.26,5.44
Current health expenditure (% of GDP),Lao PDR,4.27513599,4.29031658,3.69751263,4.47920704,3.54057336,3.33673191,2.93200922,3.15345573,2.76727295,3.46300411,2.91155219,1.94457507,2.07637572,2.39984965,2.29845548,2.45366454,2.36087489,2.52606821,2.24630332,2.60312223,2.05965185,2.74392009
Current health expenditure (% of GDP),Lebanon,10.82951355,10.56254768,9.28233719,8.67109871,7.99923086,7.54867649,8.66057873,8.55984211,7.81751728,7.0073576,7.43864489,8.17744446,7.00420094,7.06795645,7.52279758,7.41596651,7.92386055,7.80396605,8.07092381,8.6936779,7.57650805,10.06154442
Current health expenditure (% of GDP),Lesotho,5.6117692,7.27745867,6.54458666,6.04550791,6.05738831,5.44926691,6.11966372,7.22254515,7.66656303,8.95305061,7.64088917,9.07558823,10.04389858,10.99592113,9.99930382,9.2965641,9.24261093,10.57480335,11.114995,11.94662285,10.27927017,10.21370411
Current health expenditure (% of GDP),Mauritania,3.37824655,3.5718379,4.00224972,4.03254652,3.70429492,3.40312648,2.70252752,2.87644005,3.01338983,3.11034036,2.63618922,2.47383666,2.64919329,2.86799884,3.46724391,3.67363763,3.09630585,3.31550789,3.17838526,3.30148649,3.38773394,4.12218571
Current health expenditure (% of GDP),"Micronesia, Fed. Sts.",7.76511145,8.45260048,7.89720392,9.57150459,12.02715683,17.73306656,10.74129105,11.0585041,11.99137974,12.55259323,13.10624504,13.09527397,12.27709675,12.10208416,11.72290421,12.46286297,13.13244915,12.1958313,11.65710258,11.2604599,10.84531593,10.96059132
Current health expenditure (% of GDP),Morocco,3.69304585,3.81601191,4.06117535,4.08037519,4.23211098,4.37350655,4.56586647,4.80759001,4.83789158,5.27312183,5.41861057,5.37019396,5.39619017,5.25540543,5.41626596,5.10435581,5.09203386,4.98920393,4.94516659,4.99129868,5.83834505,5.73834944
Current health expenditure (% of GDP),Myanmar,2,2.15,2.58,2.38,2.32,2.33,2.25,2.02,2.11,2.16,1.96,1.93,2.41,3.2,4.39,5.48,5.11,5.08,4.9,4.71,4.62,5.63
Current health expenditure (% of GDP),Nepal,3.13,3.81,3.94,3.86,4.05,3.95,3.54,3.67,3.82,3.9,4.36,4.45,4.49,4.63,5.08,5.47,5.42,4.72,4.53,4.45,5.21,5.42
Current health expenditure (% of GDP),Nicaragua,5.23883677,5.48459768,5.73315859,6.08317614,6.05740356,6.22468948,6.35756445,6.95643044,7.16700697,7.68584394,7.71019173,7.44982004,7.48836899,7.63869238,7.97716141,7.96303272,8.04877567,8.32754421,8.4993515,8.56945896,8.65219975,9.68343163
Current health expenditure (% of GDP),Nigeria,3.1973834,3.18946862,2.49063969,5.05360985,4.63368416,4.46591949,4.25775146,3.90997243,3.69581532,3.5801971,3.29653287,3.32077932,3.35984254,3.4206934,3.34840417,3.58194995,3.64773679,3.74762511,3.09069347,2.98547053,3.38063431,4.07625723
Current health expenditure (% of GDP),Pakistan,2.71176577,2.54956865,2.66229343,2.30006313,2.22177458,2.55108738,2.86177492,2.81689191,2.71266913,2.47458911,2.39686537,2.14016914,2.20038652,2.4017837,2.45603824,2.45764351,2.57026362,2.7863009,2.82844949,2.84736943,2.95273018,2.91131568
Current health expenditure (% of GDP),Papua New Guinea,2.0184176,2.3006382,2.77562952,2.4531486,2.59372902,2.44874048,2.42600322,2.42102122,2.13526058,2.32937527,2.10756016,2.29397798,2.66693544,2.99727893,3.27119064,1.81881714,2.33063054,2.22970986,2.30051899,2.3253386,2.30193973,2.32032132
Current health expenditure (% of GDP),Philippines,3.06,2.85,2.64,3.08,3.05,3.74,3.78,3.75,3.86,4.16,4.13,4.03,4.18,4.27,3.7,3.9,3.95,3.96,3.95,4.17,5.16,5.87
Current health expenditure (% of GDP),Samoa,4.28232527,3.81804991,4.49205494,4.17237139,4.52578545,4.63365459,4.88451385,4.7446332,4.53258085,5.12732029,5.15268326,5.38357162,4.9883461,6.2147789,6.25431204,6.21226454,5.63365221,5.16120243,4.77439356,5.63886738,6.18895578,6.80313492
Current health expenditure (% of GDP),Sao Tome and Principe,10.51756001,10.83865166,10.69723701,12.6639061,11.91980934,11.55062962,8.30422878,8.20471764,7.16872263,7.24220848,6.86072636,6.76036882,6.47629499,7.93743753,6.73101807,5.34009647,6.43088865,6.46181059,5.50957823,5.29584646,7.30042553,7.82528496
Current health expenditure (% of GDP),Senegal,3.55015397,3.68148756,3.95294404,4.29703569,4.56856203,3.67466521,3.76337624,3.41496587,3.50687575,3.841573,4.02764368,4.21416712,4.26688004,4.38573599,4.38962269,4.37789631,4.25606871,4.16359377,4.43182087,4.49531031,5.15119171,4.35098124
Current health expenditure (% of GDP),Solomon Islands,4.82626629,6.60538721,10.10495281,7.075634,7.72383881,9.01593494,8.00584698,7.18298769,5.50597048,6.60598898,4.66139841,5.02313328,4.87480497,4.57886171,4.88791895,4.44578695,4.40253973,4.14992523,3.77378345,4.32405567,4.79699087,4.76345396
Current health expenditure (% of GDP),Sri Lanka,4.11,4.06,4.04,3.65,4.04,3.88,3.85,3.82,3.85,4.06,3.74,3.58,3.31,3.69,3.47,3.68,3.62,3.33,3.64,3.9,4.02,4.07
Current health expenditure (% of GDP),Tajikistan,4.26,4.58,4.44,4.7,4.8,5.21,5.03,5.54,5.91,5.86,5.74,5.86,5.98,6.53,6.67,6.91,6.96,6.85,7.01,6.95,8.18,8.01
Current health expenditure (% of GDP),Tanzania,3.41529942,4.23551702,4.68907642,5.34231472,5.7373414,6.32282543,7.598279,6.88427973,5.55704737,5.06306362,5.22392178,5.0559845,5.01779366,4.64643383,4.01492071,3.64969945,3.96350336,4.08257437,4.16191673,3.88136053,2.93978429,3.36136484
Current health expenditure (% of GDP),Timor-Leste,..,..,..,2.84187031,4.26103544,5.28044748,6.00192022,5.64793253,6.96563959,7.30931807,6.47058821,6.86541462,6.99215221,8.5323782,7.60483742,7.67216587,6.89625168,6.75752544,6.36952639,6.02679253,9.96385956,11.43839264
Current health expenditure (% of GDP),Tunisia,4.81271935,4.86132765,5.12036419,5.20888519,5.19890785,5.14555788,5.13109922,5.17542839,5.1644063,5.40595293,5.60950756,6.12299299,6.28984737,6.51394987,6.45006084,6.21339941,6.24778175,6.18557453,5.9375186,6.02461243,7.05024958,6.97273922
Current health expenditure (% of GDP),Uzbekistan,5.12,5.24,5.14,5.19,4.84,4.78,4.75,4.54,4.7,4.8,5.3,5.26,5.55,5.72,4.43,4.74,4.72,4.84,5.08,5.43,6.75,7.74
Current health expenditure (% of GDP),Vanuatu,3.30683255,3.38728333,3.90437746,3.50691938,3.53991532,3.30528617,3.32189322,3.1078558,3.13810205,3.25197887,3.52656102,3.59819388,3.9356277,4.39234495,3.64668846,4.32168293,2.93130064,2.76285458,3.31753612,3.31453276,3.99482441,4.3733778
Current health expenditure (% of GDP),Viet Nam,4.10752726,4.80107498,3.87075853,3.94229889,4.08791971,4.31821251,4.56979847,4.62917614,4.36028337,4.48502922,5.07146072,4.97468519,5.00178242,4.41233158,4.69078779,4.71140909,4.86994743,4.99014759,5.02678823,4.97407484,4.30061865,4.59346437
Current health expenditure (% of GDP),West Bank and Gaza,..,..,..,..,..,..,..,..,..,..,..,..,..,..,..,..,..,..,..,..,..,..
Current health expenditure (% of GDP),Zambia,4.17365646,4.82995701,5.88845205,5.99553585,5.48490572,6.33088684,5.5774231,4.57961416,4.46690989,5.15718842,3.97471905,3.95913363,4.04541731,4.57390451,3.82924223,4.42974281,4.46923161,4.78156233,4.76996708,6.75332499,6.31619787,6.62416458
Current health expenditure (% of GDP),Zimbabwe,..,..,..,..,..,..,..,..,..,..,10.47583866,8.08288383,6.91794872,7.10940313,8.13227272,7.44982719,7.46644735,6.36358309,4.67039156,3.23280239,2.95440149,2.78975058
"Mortality rate, infant (per 1,000 live births)",Angola,120.7,117.5,113.7,109.5,104.9,100.2,95.1,90,85,80,75.5,71,66.9,63.3,60.3,57.6,55.4,53.4,51.6,49.9,48.4,47
"Mortality rate, infant (per 1,000 live births)",Bangladesh,63,59.9,57,54.3,51.7,49.3,47,44.8,42.7,40.7,38.9,37.2,35.6,34.1,32.7,31.4,30.1,28.9,27.8,26.7,25.7,24.9
"Mortality rate, infant (per 1,000 live births)",Benin,84.7,83,81.2,79.5,77.9,76.3,74.8,73.4,72,70.7,69.4,68.1,66.8,65.5,64.3,63,61.8,60.5,59.2,57.9,56.4,55
"Mortality rate, infant (per 1,000 live births)",Bhutan,58.4,55.6,52.7,49.9,47.1,44.4,41.7,39.3,36.9,34.6,32.6,30.7,29.1,27.8,26.6,25.5,24.6,23.6,22.9,22.1,21.4,20.7
"Mortality rate, infant (per 1,000 live births)",Bolivia,55.9,53.2,50.5,48,45.6,43.3,41.1,39,37,35.1,33.3,31.6,30,28.5,27,25.8,24.7,23.6,22.7,21.8,21,20.3
"Mortality rate, infant (per 1,000 live births)",Cabo Verde,28.4,26.1,24.4,23.4,22.9,22.8,22.8,22.8,22.6,22.1,21.4,20.5,19.4,18.2,16.9,15.7,14.6,13.7,12.8,12.1,11.5,11
"Mortality rate, infant (per 1,000 live births)",Cambodia,79,73.4,67.3,61.7,56.9,52.9,49.4,46.3,43.2,40.2,37.3,34.6,32.2,30.2,28.6,27.1,25.9,24.7,23.6,22.7,21.9,21.1
"Mortality rate, infant (per 1,000 live births)",Cameroon,87.8,86,84,81.9,79.9,78.3,76.4,74.8,72.9,71.3,68.8,66.8,64.5,62,60.1,57.8,56.2,54.3,52.7,51.4,49.9,48.3
"Mortality rate, infant (per 1,000 live births)",Comoros,69.7,68.2,66.8,65.4,63.8,62.3,60.7,59.2,57.6,56.1,54.6,53.1,51.6,50.2,48.8,47.3,45.7,44.3,42.9,41.7,40.5,39.3
"Mortality rate, infant (per 1,000 live births)","Congo, Rep.",72,70.3,67.6,64.3,60.5,56.7,53.1,49.8,47,44.9,43.2,41.9,40.8,39.8,38.8,37.8,36.7,35.7,34.8,35.9,33,32.1
"Mortality rate, infant (per 1,000 live births)",Cote d'Ivoire,94.3,92.3,90.1,87.9,85.7,83.3,81.2,78.8,76.5,74.3,72.3,70.5,68.6,66.6,64.7,62.9,61.5,60,58.5,56.7,55.3,53.8
"Mortality rate, infant (per 1,000 live births)",Djibouti,79,77.4,75.8,74.1,72.5,70.7,69,67.2,65.5,63.7,62,60.4,58.8,57.2,55.7,54.2,52.7,51,49.7,48.3,46.8,45.5
"Mortality rate, infant (per 1,000 live births)","Egypt, Arab Rep.",37.2,35.3,33.6,32,30.6,29.4,28.2,27.1,26,25,24,23,22.1,21.3,20.5,19.7,19.1,18.4,17.8,17.2,16.6,16
"Mortality rate, infant (per 1,000 live births)",Eswatini,69,70.2,70.9,71.6,71,70.7,61.7,62.5,64.5,61.4,58.4,54.4,53.5,52.3,52.9,49.5,47.3,48.2,44.5,43,43.4,40.8
"Mortality rate, infant (per 1,000 live births)",Ghana,64.5,62.2,60.1,58.2,56.6,55.1,53.8,52.4,50.9,49.2,47.3,45.5,43.8,42.1,40.6,39.2,37.9,36.6,35.5,34.4,33.4,32.5
"Mortality rate, infant (per 1,000 live births)",Guinea,100.6,97.1,93.6,90.5,87.6,85.1,82.9,81,79.4,78,76.7,75.5,74.3,73.2,72.7,71.7,70.1,69,67.8,66.6,65.2,63.7
"Mortality rate, infant (per 1,000 live births)",Haiti,74.2,72,70,68.2,66.5,65,63.6,62.3,61,59.8,81.6,57.4,56.3,55.1,53.9,52.7,51.5,50.2,49.1,47.8,46.4,45.1
"Mortality rate, infant (per 1,000 live births)",Honduras,30.5,29.3,28.1,27,25.9,24.9,24,23.1,22.3,21.5,20.8,20.1,19.4,18.8,18.1,17.5,16.9,16.3,15.8,15.2,14.7,14.2
"Mortality rate, infant (per 1,000 live births)",India,66.4,64.5,62.6,60.6,58.7,56.8,54.8,52.8,50.8,48.7,46.7,44.6,42.5,40.5,38.5,36.5,34.7,32.9,31.3,29.7,28.1,26.8
"Mortality rate, infant (per 1,000 live births)",Jordan,22.6,22,21.4,20.9,20.3,19.8,19.3,18.7,18.2,17.7,17.2,16.8,16.3,15.9,15.5,15.1,14.6,14.2,13.8,13.4,13,12.6
"Mortality rate, infant (per 1,000 live births)",Kenya,58.2,55.6,52.9,50.2,47.5,44.5,42.2,40.3,38.1,37.4,36.9,36.4,36.5,36,35.2,34.1,33.6,33.4,32.8,32.2,31.8,31
"Mortality rate, infant (per 1,000 live births)",Kiribati,50.6,49.5,48.5,47.8,47.3,46.9,46.7,46.4,46,45.6,45.3,45,44.9,45,45.3,45.7,46.1,46.3,46.4,46.1,45.5,44.8
"Mortality rate, infant (per 1,000 live births)",Kyrgyz Republic,42,40.1,38.4,36.8,35.4,34.1,32.8,31.3,29.7,27.9,26.1,24.4,23.1,22,20.9,19.8,18.8,17.8,17,16.3,15.9,15.6
"Mortality rate, infant (per 1,000 live births)",Lao PDR,76.2,73.6,71,68.4,65.8,63.3,60.7,58.3,55.9,53.6,51.4,49.2,47.2,45.3,43.4,41.7,40,38.6,37.2,36,34.8,33.7
"Mortality rate, infant (per 1,000 live births)",Lebanon,17,16.1,15.3,14.4,13.7,12.9,12.3,11.8,11.4,11.1,10.8,10.7,10.6,10.6,10.7,10.9,11.2,11.6,12,12.6,13.3,14.1
"Mortality rate, infant (per 1,000 live births)",Lesotho,70.9,70.9,71.1,71.4,72.1,72.8,72.5,70.6,73,69.1,65.9,63.2,63.5,63.9,63.1,62.9,63,62.4,61.4,60.7,59.2,57.7
"Mortality rate, infant (per 1,000 live births)",Mauritania,62.5,60.3,57.7,55,52.4,49.8,47.5,45.5,43.9,42.5,41.5,40.5,39.7,38.9,38.1,37.3,36.4,35.6,34.7,33.9,33,32.2
"Mortality rate, infant (per 1,000 live births)","Micronesia, Fed. Sts.",31.6,30.9,32.1,30,29.8,29.7,29.7,29.7,29.5,29.1,28.6,28,27.4,26.7,26,25.3,24.6,23.9,23.1,22.5,21.7,21.1
"Mortality rate, infant (per 1,000 live births)",Morocco,44,42.3,40.6,38.9,37.2,35.4,33.6,31.8,30.1,28.4,26.8,25.3,23.9,22.5,21.3,20.1,19.1,18.2,17.4,16.7,16,15.4
"Mortality rate, infant (per 1,000 live births)",Myanmar,65,63.5,62,60.4,58.8,57.2,55.5,53.7,64.2,50.2,48.5,46.7,45,43.3,41.8,40.4,39.1,37.9,36.7,35.6,34.5,33.5
"Mortality rate, infant (per 1,000 live births)",Nepal,58.5,55.7,53.1,50.7,48.5,46.5,44.6,42.9,41.2,39.7,38.2,36.7,35.2,33.8,32.4,31,29.7,28.4,27.2,26,24.9,23.9
"Mortality rate, infant (per 1,000 live births)",Nicaragua,31.2,29.7,28.3,27,25.8,24.7,23.6,22.6,21.6,20.8,20,19.2,18.5,17.8,17.1,16.5,16,15.4,14.9,14.4,14,13.5
"Mortality rate, infant (per 1,000 live births)",Nigeria,109.6,106.6,103.6,100.6,97.6,94.7,92.1,89.6,87.5,85.7,84.2,82.9,81.8,80.8,80,79.2,78.2,77,75.7,74,72.3,70.5
"Mortality rate, infant (per 1,000 live births)",Pakistan,84.8,82.9,81.1,79.5,78.1,76.8,75.5,74.3,73,71.6,70.2,68.7,67.1,65.5,63.8,62.2,60.5,58.9,57.3,55.7,54.1,52.5
"Mortality rate, infant (per 1,000 live births)",Papua New Guinea,53.9,53.2,52.4,51.6,50.8,49.9,49.1,48.1,47.2,46.2,45.3,44.3,43.4,42.4,41.5,40.6,39.5,38.4,37.4,36.4,35.4,34.5
"Mortality rate, infant (per 1,000 live births)",Philippines,28.2,27.7,27.1,26.6,26.1,25.6,25.1,24.6,24.1,23.7,23.3,23,22.7,22.4,22.2,22.1,22.1,22.1,22.1,22.2,22.2,22.1
"Mortality rate, infant (per 1,000 live births)",Samoa,18.1,17.5,17.1,16.8,16.6,16.5,16.4,16.5,16.5,18.7,16.5,16.5,16.3,16.2,16,15.9,15.7,15.6,15.3,15.9,14.7,14.3
"Mortality rate, infant (per 1,000 live births)",Sao Tome and Principe,54.3,51.2,48,45,42.1,39.3,36.7,34.3,32,29.8,27.7,25.7,23.8,21.9,20.1,18.4,16.8,15.4,14.3,13.3,12.6,11.9
"Mortality rate, infant (per 1,000 live births)",Senegal,67.7,65.2,62.2,59.1,56.1,53.1,50.5,48.2,46.1,44.3,42.6,41.1,39.6,38.2,36.9,35.5,34.2,33,31.9,30.9,29.9,29
"Mortality rate, infant (per 1,000 live births)",Solomon Islands,25.6,25.4,25.2,24.9,24.7,24.5,24.2,23.8,23.3,22.8,22.3,21.7,21.1,20.6,20,19.4,18.9,18.3,17.7,17.2,16.7,16.2
"Mortality rate, infant (per 1,000 live births)",Sri Lanka,14.4,13.8,13.4,13,17.6,12.1,11.5,10.8,10.3,13.6,9.6,9.3,8.9,8.4,8,7.5,7.1,6.8,6.5,6.2,6,5.7
"Mortality rate, infant (per 1,000 live births)",Tajikistan,67.4,62.8,58.4,54.2,50.5,47.1,44.2,41.8,39.8,38.2,37,35.9,35,34.3,33.5,32.7,31.9,31.1,30.2,29.4,28.5,27.6
"Mortality rate, infant (per 1,000 live births)",Tanzania,78.1,73.7,69.2,65.1,61.3,57.7,54.9,51.8,49.6,47.3,45.5,43.8,42.4,41.2,40.1,39.1,37.7,36.1,34.5,33.3,32.1,31.1
"Mortality rate, infant (per 1,000 live births)",Timor-Leste,87.3,83.7,80.2,76.8,73.6,70.6,67.7,65.1,62.7,60.6,58.8,57.1,55.6,54.2,52.8,51.5,50,48.6,47.2,45.7,44.3,42.9
"Mortality rate, infant (per 1,000 live births)",Tunisia,24.5,23,21.6,20.4,19.4,18.5,17.8,17.2,16.7,16.4,16.1,16,15.8,15.6,15.4,15.1,14.7,14,13.3,12.4,11.5,10.6
"Mortality rate, infant (per 1,000 live births)",Uzbekistan,51.4,49.4,47.1,44.7,42.1,39.4,36.7,34.1,31.5,29,26.7,24.5,22.5,20.7,19.1,17.7,16.5,15.5,14.6,13.9,13.2,12.5
"Mortality rate, infant (per 1,000 live births)",Vanuatu,24.2,23.9,23.6,23.4,23.1,22.8,22.5,22,21.4,20.8,20.1,19.5,19,18.5,18.2,17.9,17.7,17.5,17.1,16.8,16.4,16
"Mortality rate, infant (per 1,000 live births)",Viet Nam,23.6,22.7,21.8,21.1,20.5,20,19.5,19.2,18.9,18.7,18.4,18.2,18,17.8,17.7,17.5,17.3,17.2,17,16.8,16.7,16.5
"Mortality rate, infant (per 1,000 live births)",West Bank and Gaza,25.3,24.6,23.9,23.3,22.6,22,21.3,20.7,20.1,19.4,18.8,18.2,17.5,16.9,17.2,15.8,15.2,14.7,14.1,13.7,13.2,12.7
"Mortality rate, infant (per 1,000 live births)",Zambia,90.8,85.9,80.1,74.2,68,62.5,58.8,57,54.6,52.8,51.1,50.1,49.1,47.9,47,47.1,45.4,44,43.4,42.2,40.9,39.9
"Mortality rate, infant (per 1,000 live births)",Zimbabwe,51.2,50.7,50.5,50.5,51.6,52.7,54.8,55.9,55.6,54.7,52.5,51.1,46.8,45,43,41.9,40.4,39.2,37.8,36.9,36.4,35.5
People using at least basic drinking water services (% of population),Angola,41.14430979,42.25467587,43.37680046,44.36387282,45.3513348,46.33601842,47.15023077,47.96146928,48.77040372,49.57516449,50.37684043,51.17483566,51.96854191,52.75734577,53.54150779,54.31693061,55.08427251,55.84290952,56.59174877,56.88303749,57.16773792,57.44672553
People using at least basic drinking water services (% of population),Bangladesh,94.81892121,94.99368594,95.17376963,95.35256256,95.52997248,95.70895752,95.88471178,96.05709845,96.2259786,96.39123318,96.55282537,96.71059726,96.86438458,97.01406183,97.15966368,97.30110109,97.43839091,97.57149329,97.70041155,97.82513657,97.94567602,98.03301971
People using at least basic drinking water services (% of population),Benin,61.74041162,62.00164804,62.27615239,62.57329943,62.86596649,63.15366216,63.43658674,63.71491094,63.98838244,64.25656435,64.51984869,64.77819667,65.03157927,65.27959979,65.52347496,65.76275873,65.99736203,66.22719933,66.45219788,66.67226715,66.88732895,67.12590915
People using at least basic drinking water services (% of population),Bhutan,82.36160234,83.46728539,84.61995697,85.7539271,86.86839087,87.95675999,88.97896447,89.98677222,90.97982582,91.95755308,92.91982976,93.86634017,94.79608007,95.70915284,96.60577774,97.48622327,98.18623888,98.65984174,98.7649965,98.87231224,98.98171763,99.12699463
People using at least basic drinking water services (% of population),Bolivia,80.77157461,81.49409135,82.19249548,82.87855229,83.5560293,84.22429029,84.88441386,85.53545827,86.17844733,86.81247622,87.43794458,88.05519668,88.66400129,89.25007344,89.82033479,90.38416809,90.94184943,91.49294855,92.03884407,92.5659539,93.08742169,93.60317892
People using at least basic drinking water services (% of population),Cabo Verde,79.12983382,79.38143479,79.62918018,79.87256033,80.32343404,80.77592712,81.23053363,81.68670828,82.14496413,82.60418967,83.06287687,83.46776,83.87383612,84.28092354,84.68899797,85.3679901,86.24227407,87.10680256,87.96184758,88.59087109,89.17757394,89.82515425
People using at least basic drinking water services (% of population),Cambodia,51.89988059,53.60842599,55.31484534,57.01914034,58.53308871,59.80225786,61.04359154,62.25746005,63.4540974,64.6766676,65.87015675,67.03474276,68.17060775,69.2776989,70.35670984,71.40760021,72.43058189,73.42564747,74.39437162,75.33672107,76.25310742,77.06604334
People using at least basic drinking water services (% of population),Cameroon,56.3102137,57.0664322,57.80701597,58.53157578,59.24064783,59.93299225,60.60961695,61.27061571,61.91608624,62.54572904,63.16005285,63.7587753,64.34202313,64.90954947,65.46150775,65.99804744,66.51931924,67.02480944,67.51535721,67.99048422,68.45069732,68.89556458
People using at least basic drinking water services (% of population),Comoros,90.94792726,90.84135922,90.00563993,89.17160035,88.33926381,87.50908449,86.68150995,85.8569962,85.03592147,84.21875231,83.40597806,82.59787752,81.79491372,80.99756768,80.20603155,80.13199878,80.14885132,80.16751699,80.18798722,80.21050148,..,..
People using at least basic drinking water services (% of population),"Congo, Rep.",57.1558733,57.46332684,57.95335973,58.44132663,59.50972438,60.57693973,61.64256616,62.70681215,63.77038879,64.83275778,65.89390897,66.95217639,68.007571,69.05953703,70.10704245,71.1495836,72.186657,73.21776015,73.40681588,73.59586981,73.78451098,73.97232686
People using at least basic drinking water services (% of population),Cote d'Ivoire,70.63286541,70.75422997,70.87355312,70.99046997,71.10531996,71.2170598,71.32637605,71.43326087,71.53771046,71.63906067,71.73796362,71.83441597,71.92809448,72.01900031,72.10713701,72.19523724,72.28260477,72.36946589,72.45574287,72.54105817,72.62534474,72.73826702
People using at least basic drinking water services (% of population),Djibouti,75.44816584,75.46308997,75.47846799,75.49428536,75.51055484,75.52696449,75.5441214,75.56172076,75.57976895,75.59794406,75.61980671,75.64549839,75.6748318,75.70827962,75.74529904,75.78704575,75.83262976,75.8825219,75.93685011,75.99574636,76.04992218,76.10704703
People using at least basic drinking water services (% of population),"Egypt, Arab Rep.",98.24286968,98.27363968,98.30435258,98.33502152,98.3656432,98.39622033,98.42674341,98.45655703,98.48599305,98.51547185,98.54496489,98.57450418,98.6036168,98.63281421,98.66207752,98.69141163,98.72082325,98.75057376,98.75586753,98.76141522,98.7671898,98.7679087
People using at least basic drinking water services (% of population),Eswatini,53.41057153,54.25749814,55.09984099,55.93754622,56.76973155,57.597612,58.4203102,59.25677406,60.2061843,61.14761098,62.08110417,63.00709453,63.89772836,64.78115571,65.65703239,66.52576766,67.3899527,68.40200752,69.41459089,70.4275346,71.44067379,72.45384449
People using at least basic drinking water services (% of population),Ghana,65.21850519,66.07747328,67.13208511,68.18790366,69.24527568,70.30330028,71.36282236,72.42368484,73.48598355,74.54908317,75.61405894,76.68027472,77.74759239,78.81560651,79.88443044,80.95415387,82.02488344,83.09646612,84.16899962,85.2423371,86.31680848,87.39227104
People using at least basic drinking water services (% of population),Guinea,50.02018683,50.72768648,51.43398956,52.13943223,52.84364972,53.54663635,54.24872887,54.94956436,55.64913401,56.34743112,57.04478445,58.18183723,59.32821312,60.4838781,61.64879434,62.82726327,64.01923754,65.22465218,66.44345567,67.67524723,68.92063096,70.17919763
People using at least basic drinking water services (% of population),Haiti,56.23929167,57.06076571,57.89030759,58.72479186,59.25748515,59.75303022,60.24737921,60.73925827,61.22998529,61.71657645,62.20078936,62.6818037,63.15965895,63.632691,64.10223823,64.56748547,65.02301685,65.46682711,65.89944518,66.32098621,66.69531027,67.06127542
People using at least basic drinking water services (% of population),Honduras,85.35103154,85.91440749,86.49802919,87.03055806,87.55660447,88.07531181,88.58737208,89.09246174,89.5907539,90.08180006,90.56608672,91.04319763,91.5135813,91.97672467,92.43305529,92.88200787,93.32389297,93.75866583,94.18628686,94.60684752,95.02044782,95.4270668
People using at least basic drinking water services (% of population),India,79.87927122,80.4891123,81.13055718,81.7689909,82.40450807,83.0367817,83.6659241,84.2920134,84.91499745,85.53459122,86.15087227,86.76390529,87.37450795,87.98236686,88.58737184,89.1893093,89.78796094,90.38318358,90.97467558,91.56222114,92.14560477,92.72465388
People using at least basic drinking water services (% of population),Jordan,98.56181574,98.56778923,98.5737637,98.57970394,98.58566652,98.61819535,98.65789398,98.69539783,98.73081285,98.76406082,98.79535693,98.82473271,98.85230653,98.87806773,98.90221055,98.91247593,98.92255222,98.93238859,98.94198745,98.95136621,98.96051423,98.96502866
People using at least basic drinking water services (% of population),Kenya,47.52154396,48.25189923,48.97944435,49.70406053,50.42562386,51.14309156,51.85730125,52.56813316,53.27547007,53.97832359,54.67746822,55.37487173,56.06988752,56.76310347,57.45347274,58.14116381,58.8259447,59.50757233,60.18617698,60.86078326,61.53186756,62.19883728
People using at least basic drinking water services (% of population),Kiribati,60.89323127,61.6721874,62.31155961,62.95130895,63.59115198,64.23079461,65.00649253,65.89077445,66.74667168,67.52886808,68.18722551,68.83945984,69.48539129,70.12365986,70.7549985,71.37893316,71.99093232,72.58975732,73.1759221,73.74936738,74.30947728,74.8564949
People using at least basic drinking water services (% of population),Kyrgyz Republic,80.17834607,80.17790024,80.82580605,81.47351337,82.12144804,82.66259941,83.20168485,83.73830327,84.27265807,84.80493182,85.33899541,85.87472313,86.4119694,86.95008652,87.48894591,88.02824826,88.55761795,88.99300048,89.4269431,89.85880809,90.71465374,90.75355704
People using at least basic drinking water services (% of population),Lao PDR,46.14384821,48.52492924,50.88386076,53.21832229,55.52860606,57.74583944,59.80960241,61.85268706,63.87598155,65.87823873,67.86005174,69.82139978,71.76251573,73.68240087,75.5818244,77.46057181,79.59784341,81.45199708,83.28588372,85.09983182,85.21973934,85.34039989
People using at least basic drinking water services (% of population),Lebanon,84.40596642,84.84642761,85.2868888,85.72735,86.16781119,86.60827238,87.04873357,87.48919477,87.92965596,88.37011715,88.81057835,89.25103954,89.69150073,90.13196192,90.57242312,91.01288431,91.4533455,91.89380669,92.33426789,92.6,92.6,92.6
People using at least basic drinking water services (% of population),Lesotho,65.63661116,65.99235595,66.35420823,66.72212835,67.09668955,67.47722153,67.8645033,68.23731546,68.61574852,68.99924224,69.38859185,69.7836825,70.15477855,70.52984005,70.90917101,71.29309909,71.68120047,72.07380589,72.47256851,72.87737521,73.28891871,73.62876066
People using at least basic drinking water services (% of population),Mauritania,41.67271363,42.48995153,44.03618855,45.60095482,47.18387756,48.78334308,50.39937826,52.03159485,53.68001639,55.341775,57.01812275,58.70825032,60.41135329,62.12580407,63.84797264,65.57669765,67.31084246,69.05089351,70.79534705,72.54431314,74.29672112,76.0527122
People using at least basic drinking water services (% of population),"Micronesia, Fed. Sts.",91.08964843,91.0286886,90.96772877,90.90676893,90.8458091,90.78484927,90.72388944,90.6629296,90.60196977,90.54100994,90.4800501,90.41909027,90.35813044,90.29717061,90.23621077,90.17525094,90.11429111,90.11429111,90.11429111,90.11429111,90.11429111,..
People using at least basic drinking water services (% of population),Morocco,64.79590211,65.62688366,66.58858096,67.54955053,68.51021524,69.58071643,70.66760897,71.74673953,72.81733464,73.87871162,74.9321261,75.97590373,77.01032471,78.03476339,79.04947938,80.05386786,81.0481698,82.0318146,84.03338117,84.98185076,85.91876283,86.84331424
People using at least basic drinking water services (% of population),Myanmar,47.72685324,49.18904186,50.67131963,52.17386936,53.69657662,55.23932183,56.80170922,58.38389964,59.98577243,61.60694764,63.24782116,64.90775604,66.58688622,68.28485172,70.00199044,71.74100192,73.50167437,75.28354325,77.08633594,78.90933534,80.72876332,82.33106172
People using at least basic drinking water services (% of population),Nepal,79.66978885,80.32528079,80.93642244,81.54126796,82.13971392,82.73166532,83.31703813,83.89582312,84.4678254,85.03294997,85.59110733,86.14227181,86.68653071,87.22355971,87.75332524,88.27558063,88.79020539,89.29699309,89.79577585,90.28636635,90.76858353,91.24225081
People using at least basic drinking water services (% of population),Nicaragua,80.64617257,80.67124858,80.69755624,80.72540058,80.75477573,80.78702365,80.83575079,80.88607324,80.93866656,80.9928506,81.04895044,81.10696735,81.16690271,81.22875352,81.29213789,81.35312776,81.41597245,81.43567693,81.52108697,81.61223897,81.70875397,..
People using at least basic drinking water services (% of population),Nigeria,44.44227719,45.72861319,47.28830737,48.85676424,50.43349276,52.01767139,53.60953465,55.20897067,56.8158521,58.42870468,60.04844897,61.67095755,63.29621992,64.92356739,66.55300611,68.1845425,69.81722688,71.45173552,73.08745791,74.72412633,76.36179027,78.00019357
People using at least basic drinking water services (% of population),Pakistan,87.36402076,87.60278309,87.83853927,88.07328112,88.30713702,87.99057987,88.14406172,88.31188748,88.47793129,88.64219188,88.80475285,88.96560218,89.12473117,89.28197133,89.43748479,89.59124695,89.74324599,89.89341028,90.04259791,90.19065035,90.33733695,90.48246306
People using at least basic drinking water services (% of population),Papua New Guinea,31.75455612,31.74152155,31.73085431,31.72018833,31.7089302,32.73957797,33.77066198,34.80218352,35.83414345,36.85911794,37.88025702,38.89703537,39.91049984,40.92716679,41.9466986,42.96876517,43.993033,45.01917832,46.04734163,47.07672559,48.10702261,49.16923268
People using at least basic drinking water services (% of population),Philippines,85.97865351,86.34583393,86.73532905,87.12551565,87.51639149,87.90795746,88.30021131,88.69314892,89.08678134,89.48119999,89.88078901,90.30275327,90.72337168,91.14273863,91.56067672,91.97735056,92.39268342,92.80785571,93.22283512,93.63735675,94.05123275,94.46428059
People using at least basic drinking water services (% of population),Samoa,87.06282717,87.05799489,87.06474488,87.07764497,87.09043787,87.3410975,87.59025482,87.83775902,88.08370006,88.32823665,88.57138831,88.81320552,89.05407299,90.1108838,91.16885311,92.22800181,93.28828503,94.34969265,95.41251056,96.42283497,97.39664729,98.272016
People using at least basic drinking water services (% of population),Sao Tome and Principe,68.75599746,69.26977622,69.80319982,70.33289478,70.85439563,71.36689351,71.87085849,72.3663036,72.85323685,73.33124167,73.80078212,74.26166846,74.71414073,75.15499806,75.58498701,76.00423482,76.41304573,76.81173489,77.20059546,77.33578043,77.31735714,77.28513049
People using at least basic drinking water services (% of population),Senegal,59.75554064,60.87561445,61.99899371,63.19138221,64.43399432,65.67368093,66.91110899,68.1456747,69.37720313,70.60514976,71.83008773,73.05145255,74.26874508,75.48213562,76.6914468,77.89878574,79.10338197,80.30526834,81.50340428,82.69752948,83.88690325,85.0712263
People using at least basic drinking water services (% of population),Solomon Islands,78.68496203,78.73919287,78.7945401,78.85100482,78.90859117,78.10979926,77.1528574,76.21346164,75.29205026,74.38849744,73.503217,72.63482813,71.78353036,70.9490707,70.13112974,69.32991977,68.54479684,67.7759579,67.00625681,67.15380217,67.30102727,67.44761069
People using at least basic drinking water services (% of population),Sri Lanka,82.84719118,83.13201396,83.42086603,83.70986532,83.99888305,84.28778189,84.57683092,84.86576533,85.15484745,85.44394294,85.73292143,86.022042,86.31118264,86.60239813,86.89574122,87.19113279,87.48839096,87.78755272,88.0886564,88.39140851,88.69595431,89.00221413
People using at least basic drinking water services (% of population),Tajikistan,56.50622983,57.77505724,59.05005812,60.33123362,61.61817432,62.91171028,64.21141851,65.51729903,66.82934982,68.14757505,69.47196936,70.80222245,72.14545744,73.49980819,74.86490181,76.23949316,77.62285621,79.01396474,80.41159049,81.81511097,81.8524176,81.89407836
People using at least basic drinking water services (% of population),Tanzania,28.66642176,30.07318389,31.47975127,32.98327891,34.482181,35.98113379,37.47999279,38.97762695,40.47431843,41.96753602,43.45844321,44.94499527,46.42737861,47.90361465,49.37183757,50.83147012,52.28117023,53.72079641,55.14943388,56.56584813,57.97026559,59.36117077
People using at least basic drinking water services (% of population),Timor-Leste,..,..,50.6238521,52.14647297,53.66761164,55.17522213,56.68124545,58.18565681,59.68903885,61.70332306,63.73991689,65.79894056,67.87940305,69.9808749,72.10317421,74.2458313,76.408371,78.59011916,80.7910054,82.38411592,83.9742221,85.56091447
People using at least basic drinking water services (% of population),Tunisia,89.05572313,89.39955421,89.71308806,90.02177928,90.32159824,90.59893224,90.87282195,91.14282782,91.4092013,91.67195628,91.93091261,92.04714824,92.579358,93.10709365,93.63084984,94.15151418,94.66853596,95.18153746,95.69022955,96.19409018,96.69266174,96.93899305
People using at least basic drinking water services (% of population),Uzbekistan,87.31260017,87.80344919,88.29017142,88.77254115,89.25034858,89.72354528,90.19221919,90.65617904,91.11538219,91.56966792,92.01922503,92.43567794,92.82442052,93.21602188,93.61048357,94.00782163,94.40804398,94.81115707,95.21857311,95.62743615,95.95780935,96.28974264
People using at least basic drinking water services (% of population),Vanuatu,83.37709023,83.42441186,83.47206821,83.52039773,83.56907337,83.99689789,84.45656892,84.91485347,85.37188611,85.82763213,86.26307266,86.68646911,87.10964892,87.53246423,87.95490942,88.37698694,88.79881781,89.22027679,89.64255045,90.0654259,90.48902744,90.91301735
People using at least basic drinking water services (% of population),Viet Nam,80.57967112,81.43855389,82.29115372,83.13653519,83.97499641,84.80584399,85.62918333,86.44479425,87.25232124,88.05180681,88.84423284,89.62773666,90.40222105,91.16709536,91.92255911,92.66830859,93.40408105,94.12940815,95.16878487,95.98905365,96.66702247,97.31751338
People using at least basic drinking water services (% of population),West Bank and Gaza,90.64785576,91.05157588,91.4544913,91.85651547,92.25775266,92.65811255,93.05765354,93.45641275,93.85432385,94.25165647,94.64840121,95.04451113,95.43993754,95.75916299,96.07087911,96.37985702,96.6860021,96.98922408,97.28942543,97.58650673,97.88040196,98.17100019
People using at least basic drinking water services (% of population),Zambia,47.00293097,47.98584221,49.10737086,50.22019967,51.32429906,52.41912758,53.50517666,54.58192733,55.65032194,56.70844024,57.75815589,58.79852012,59.83172629,60.85808425,61.87658337,62.88795693,63.89123229,64.8867121,65.87427046,66.85339838,67.82400402,68.03478318
People using at least basic drinking water services (% of population),Zimbabwe,71.86938918,72.01604767,71.70607159,71.21101719,70.68706094,70.16310814,69.63880511,69.11454663,68.58997097,68.06548166,67.54071119,67.01607423,66.4911847,65.9664737,65.45410959,64.95493221,64.46896086,63.99662731,63.53877335,63.0949538,62.66645611,62.25279758
People using at least basic sanitation services (% of population),Angola,27.55752433,28.9892229,30.42246887,31.8560606,33.29039089,34.72263784,35.99128294,37.25930501,38.52751036,39.79427078,41.06079232,42.32666545,43.59147249,44.85479222,46.11702997,47.37448261,48.62794133,49.87698296,51.120744,51.39362268,51.66032942,51.92168436
People using at least basic sanitation services (% of population),Bangladesh,24.51319035,26.07059753,27.6554494,29.23186766,30.79929845,32.44318376,34.08752509,35.73090119,37.37191663,39.00921249,40.64186732,42.2683391,43.88689272,45.49616346,47.09553667,48.68381585,50.26029221,51.82403595,53.37426479,54.91023996,56.43123343,57.93662462
People using at least basic sanitation services (% of population),Benin,8.605667005,9.004247526,9.425228797,9.87676966,10.34006776,10.81469422,11.30074001,11.79830153,12.30711786,12.82673584,13.35743186,13.89912041,14.4517136,15.01474407,15.58945707,16.17540036,16.77249285,17.38065393,17.99980309,18.62985459,19.27072233,19.38161441
People using at least basic sanitation services (% of population),Bhutan,46.90494201,47.26014571,49.15474215,51.01652707,52.8441983,54.62419308,56.26958234,57.88900697,59.48189388,61.06873095,62.62895809,64.1622239,65.6661457,67.14088799,68.58685065,70.00457822,71.39454115,72.75728816,74.09344932,75.40367028,76.68856434,77.94885785
People using at least basic sanitation services (% of population),Bolivia,34.88118744,36.0196772,37.14125142,38.25613891,39.36770227,40.47531433,41.57996792,43.17284449,44.78865322,46.42625463,48.08580987,49.76746552,51.47074167,53.17831138,54.89681429,56.63695114,58.39890856,60.18193844,61.98778542,63.81630982,65.6670621,67.53988761
People using at least basic sanitation services (% of population),Cabo Verde,36.82795301,39.19105633,41.537509,43.8664099,46.17847329,48.47260154,50.74980122,53.00934923,55.25220014,57.47692736,59.68185255,61.80065517,63.95306926,66.09924418,68.238884,70.37170752,72.49692801,74.61425644,76.7237253,78.82495648,80.91814583,83.00309009
People using at least basic sanitation services (% of population),Cambodia,10.18632417,11.39351074,14.23041964,17.09172235,19.97784917,22.88867564,25.82359069,28.78298387,31.78360664,34.89560329,38.02616817,41.17481735,44.34105938,47.52401722,50.72395873,53.93998008,57.17156055,60.41785967,63.68016872,66.95741642,70.2490978,73.55414221
People using at least basic sanitation services (% of population),Cameroon,38.29631919,38.33013034,38.36740331,38.59076542,38.81609736,39.04253582,39.27077068,39.50087116,39.73290932,39.96663319,40.20242957,40.44003965,40.67952792,40.92061447,41.16335571,41.40780378,41.65401211,41.90133205,42.15050117,42.40085801,42.65279948,42.90563215
People using at least basic sanitation services (% of population),Comoros,29.20368884,30.43603226,31.05183186,31.620129,32.14131694,32.61810807,33.05023704,33.4374468,33.77930677,34.07573248,34.32661544,34.53138136,34.68992696,34.80212455,34.86742973,35.8152661,35.83489065,35.85662415,35.88046275,35.90667575,..,..
People using at least basic sanitation services (% of population),"Congo, Rep.",11.92011105,11.96847166,12.29425655,12.62367747,13.08152524,13.55111038,14.03253525,14.52604203,15.03203941,15.55068989,16.08231097,16.62675369,17.18433198,17.75520843,18.33936,18.93692778,19.54805319,20.17287862,20.26857129,20.36426311,20.45974594,20.55481021
People using at least basic sanitation services (% of population),Cote d'Ivoire,20.683503,21.28551907,21.88798036,22.49057473,23.09361378,23.8184614,24.55141845,25.2923606,26.04116231,26.79708141,27.56060504,28.33160636,29.10965451,29.89462286,30.68638608,31.48751871,32.29725777,33.1157409,33.94280096,34.77796746,35.62106846,36.29103796
People using at least basic sanitation services (% of population),Djibouti,47.05178857,47.07314551,47.09450905,47.11586737,47.13722801,48.44527902,49.74985413,51.0504745,52.34713017,53.63930751,54.93258958,56.2271823,57.52276881,58.82006282,60.11818141,61.4189057,62.72079449,64.02454432,65.33030737,66.63823975,66.72263764,66.81163052
People using at least basic sanitation services (% of population),"Egypt, Arab Rep.",91.23170161,91.54472944,91.85809954,92.17182356,92.48589781,92.80032425,93.11509337,93.42796518,93.73994902,94.05248381,94.36546538,94.67900027,94.99132715,95.30428556,95.61778591,95.9318699,96.24657842,96.56299039,96.88100077,97.20055826,97.52156106,97.52465032
People using at least basic sanitation services (% of population),Eswatini,48.73026677,49.24983812,49.98034561,50.72876041,51.49476861,52.27890539,53.08087502,53.90525195,54.7677997,55.63363159,56.50258328,57.37449488,58.25000751,59.13126931,60.01820014,60.91064876,61.80776516,62.70905641,63.61382434,64.52143144,64.48911553,64.45544122
People using at least basic sanitation services (% of population),Ghana,6.245732443,6.348528864,7.232515038,8.136392977,9.059945347,10.00244064,10.9638542,11.94375159,12.94180004,13.95732765,14.99044195,16.04046404,17.10693488,18.18926487,19.28710578,20.40010794,21.5279301,22.67010856,23.82630738,24.99607292,26.1791986,27.37524341
People using at least basic sanitation services (% of population),Guinea,9.162306472,9.88629181,10.61144209,11.33794534,12.20687433,13.09503514,14.00263357,14.92948777,15.87560672,16.84100012,17.82588818,18.83007475,19.85356929,20.89638058,21.95851723,23.04295369,24.14983885,25.279316,26.43153509,27.60639759,28.80453377,30.02584807
People using at least basic sanitation services (% of population),Haiti,16.74954126,17.83749736,18.93770841,20.04966739,21.05166795,22.04753804,23.05187496,24.0645348,25.08643357,26.11670291,27.1564388,28.20566105,29.26474888,30.33332496,31.41232421,32.50172772,33.59935058,34.70445484,35.81744607,36.93852759,37.12173543,37.30085203
People using at least basic sanitation services (% of population),Honduras,64.25636959,65.25661845,66.27616714,67.28619403,68.28506842,69.27194748,70.24775458,71.21225923,72.16579132,73.1079946,74.03954372,74.96012313,75.87036157,76.76984513,77.65917772,78.53789534,79.40647793,80.26502174,81.11363332,81.95255318,82.7820271,83.6021801
People using at least basic sanitation services (% of population),India,14.08576181,16.72348555,19.5366221,22.36876586,25.22008398,28.08953667,30.9773053,33.88350114,36.80784258,39.74941111,42.70831536,45.68459284,48.6803119,51.69445375,54.72651883,57.77572014,60.84125721,63.83038915,66.74811677,69.66314609,72.57510232,75.48373765
People using at least basic sanitation services (% of population),Jordan,98.7373908,98.7059482,98.65138189,98.5730567,98.4947554,98.40640973,98.31512249,98.22612817,98.13920454,98.05408553,97.97060132,97.88854105,97.8077286,97.72794651,97.64908999,97.56281752,97.47696327,97.39147269,97.30631935,97.22148863,97.13694641,97.14098702
People using at least basic sanitation services (% of population),Kenya,28.05316611,28.36560564,28.73359449,29.10331499,29.47480316,29.84804796,30.22313991,30.60012103,30.97903464,31.35985998,31.74269809,32.12776051,32.51507537,32.90477207,33.29684696,33.6913972,34.08849426,34.488204,34.89064174,35.29579479,35.70381994,36.11475567
People using at least basic sanitation services (% of population),Kiribati,32.79977118,33.69725562,34.45813212,35.21906192,35.97977599,36.7400261,37.61166314,38.56280067,39.1671986,39.74501968,40.29627386,40.82073056,41.31815652,41.78764573,42.22958076,42.64361357,43.02757693,43.38135465,43.70568109,44.00101048,44.26763231,44.50615694
People using at least basic sanitation services (% of population),Kyrgyz Republic,92.29962114,92.29962302,92.56701697,92.83442571,93.10183571,93.46720047,93.83309362,94.19954158,94.56653217,94.93404139,95.30140055,95.6683765,96.03471361,96.40026212,96.76477251,97.12802309,97.43364371,97.54907428,97.66373037,97.77771402,97.89104421,97.87835831
People using at least basic sanitation services (% of population),Lao PDR,28.31481771,31.32641746,34.32827701,37.31721073,40.29335131,43.16434863,45.84714871,48.51451401,51.16776698,53.80535229,56.42819403,59.03639388,61.63042202,64.20894901,66.77320981,69.32300186,71.8588126,74.379835,76.88627889,78.94809243,79.13543962,79.32395782
People using at least basic sanitation services (% of population),Lebanon,76.92372952,76.92372952,76.92372952,78.23290783,79.54208615,80.85126446,82.16044277,83.46962108,84.7787994,86.08797771,87.39715602,88.70633434,90.01551265,91.32469096,92.63386927,93.94304759,95.2522259,96.56140421,97.87058253,99.06737938,99.2,99.2
People using at least basic sanitation services (% of population),Lesotho,8.050812526,10.41388693,12.76715569,15.06599036,17.34001754,19.58856867,21.81184801,24.00107645,26.16652221,28.30787625,30.4253043,32.518659,34.58343075,36.62644066,38.64773002,40.64730717,42.62515397,44.58129608,46.5155954,48.42792471,50.31807507,50.29886812
People using at least basic sanitation services (% of population),Mauritania,17.99971738,19.15245741,20.41867526,21.69421742,22.9791704,24.27261924,25.84267755,27.44807305,29.09013307,30.76760464,32.4828471,34.23641228,36.02881561,37.85967919,39.72631909,41.62832028,43.56515241,45.53804715,47.54589405,49.5893945,51.66773518,53.78155649
People using at least basic sanitation services (% of population),"Micronesia, Fed. Sts.",25.04842975,29.13627168,33.22411362,37.31195555,41.39979749,45.48763942,49.57548136,53.6633233,57.75116523,61.83900717,65.9268491,70.01469104,74.10253297,78.19037491,82.27821685,86.36605878,90.45390072,90.45390072,90.45390072,90.45390072,90.45390072,..
People using at least basic sanitation services (% of population),Morocco,67.66782239,68.50596286,69.76490499,71.04631733,72.23801238,73.17732288,74.12862635,75.07866095,76.02704274,76.9734334,77.91863326,78.86171064,79.80288903,80.74184042,81.678784,82.61338862,83.5458715,84.47591233,85.40346582,86.32823401,87.25043435,87.38364315
People using at least basic sanitation services (% of population),Myanmar,63.45987619,64.01387874,64.56597213,65.11635663,65.6650227,66.21195347,66.75694548,67.30017768,67.841637,68.33692072,68.82982104,69.31997724,69.80753167,70.29231769,70.77458349,71.25586874,71.73593855,72.21441779,72.69104283,73.16531875,73.63687895,74.10549712
People using at least basic sanitation services (% of population),Nepal,13.96430342,16.51268744,19.07652302,21.70987545,24.41227344,27.18323537,30.02227084,32.92902553,35.90281154,38.94309705,42.04934037,45.22110125,48.45818056,51.75956325,55.12480762,58.55299334,62.04347519,65.59537452,69.20789092,72.88012795,76.61121214,80.40022366
People using at least basic sanitation services (% of population),Nicaragua,57.07290571,58.05936659,59.04451077,60.02859568,61.01161884,61.99456134,62.98700702,63.97781426,64.96745785,65.95547765,66.94209914,67.92732542,68.91115986,69.89360297,70.87443697,71.85388301,72.83194431,72.87482215,72.92057331,72.96939905,73.02109765,..
People using at least basic sanitation services (% of population),Nigeria,27.9946356,28.03390811,28.68634733,29.35925914,30.05326384,30.76891368,31.50684826,32.2676934,33.05207425,33.86028654,34.69313327,35.54993987,36.43093333,37.33607524,38.26551223,39.21938255,40.19732734,41.19971911,42.22626064,43.27675278,44.35114641,45.44915489
People using at least basic sanitation services (% of population),Pakistan,30.9057923,32.80766837,34.70445497,36.59515911,38.48021693,40.35915769,42.2129055,44.05647274,45.88948541,47.71199679,49.52440583,51.32672381,53.1189631,54.90051097,56.67205633,58.43360674,60.18517155,61.92650683,63.66154836,65.38993557,67.11104079,68.82426834
People using at least basic sanitation services (% of population),Papua New Guinea,18.14209978,18.13216728,18.12403938,18.11591196,18.10733345,18.21430469,18.32150504,18.4289352,18.53659541,18.5836452,18.62994335,18.67508236,18.71987724,18.76937467,18.82327603,18.88128611,18.94311069,19.0084607,19.07740379,19.14928727,19.22383373,19.26172062
People using at least basic sanitation services (% of population),Philippines,64.23493046,64.66458479,65.0950702,65.52638554,65.95853028,66.39150527,66.82530875,67.85678805,68.90062686,69.95698485,71.03098111,72.14066468,73.2569909,74.37995243,75.50927736,76.64501878,77.78700616,78.93576279,80.09068945,81.25102659,82.41604774,83.58501342
People using at least basic sanitation services (% of population),Samoa,91.55052507,91.55192054,91.54997935,91.54624913,91.54254869,91.88973307,92.23782482,92.58687931,92.93686516,93.28773752,93.63949441,93.99212307,94.34551238,94.69976009,95.05491691,95.41097534,95.76793898,96.12580536,96.48459788,96.84425928,97.20473018,97.56595694
People using at least basic sanitation services (% of population),Sao Tome and Principe,20.62246261,21.75812706,22.92814057,24.10569427,25.28539385,26.57910093,27.88092936,29.19009273,30.5058157,31.82677885,33.15281744,34.4829426,35.81674225,37.14938095,38.4812028,39.81178866,41.14102207,42.46883708,43.79519713,45.12010033,46.44358233,47.76581873
People using at least basic sanitation services (% of population),Senegal,36.84036295,37.82550224,38.81865004,39.86965615,40.96330218,42.05447761,43.14374844,44.23058868,45.31483962,46.3960168,47.47461952,48.55014862,49.62215099,50.69077632,51.75586322,52.81938068,53.88067904,54.93986862,55.99604196,57.04903418,58.09821203,59.14337995
People using at least basic sanitation services (% of population),Solomon Islands,20.43499679,20.62504014,20.81900145,21.01688119,21.21867959,22.13309404,23.0582503,23.99433983,24.94207672,25.9006182,26.87066936,27.84860136,28.83499084,29.82932534,30.83105746,31.8407697,32.75393967,33.52835454,34.22832716,34.4924126,34.75592549,35.01829288
People using at least basic sanitation services (% of population),Sri Lanka,76.7684659,77.56522868,78.36539126,79.1689156,79.97582616,80.78612958,81.59980672,82.41687667,83.2373247,84.06115683,84.88837381,85.71897215,86.55296335,87.39031175,88.23107342,89.07529907,89.92305123,90.774373,91.62931766,92.48794077,93.35029014,94.21641465
People using at least basic sanitation services (% of population),Tajikistan,89.90724321,90.2255774,90.54389537,90.86220124,91.23122482,91.60073015,91.97069026,92.34110478,92.71197129,93.08329679,93.4550745,93.82730518,94.19983954,94.57241318,94.94473268,95.31654164,95.68754771,96.05745978,96.42603336,96.77256026,96.76531721,96.75722667
People using at least basic sanitation services (% of population),Tanzania,6.454557226,7.665474392,8.885653688,10.13623712,11.3353001,12.53382254,13.73176129,14.92879735,16.12503655,17.31962474,18.51297326,19.70430866,20.89371747,22.0803159,23.263107,24.44164431,25.61502101,26.78297089,27.94476555,29.09938898,30.24679971,30.43224677
People using at least basic sanitation services (% of population),Timor-Leste,..,..,35.22901668,36.5575152,37.88534136,39.1994679,40.39525649,41.58340119,42.76434665,43.93724571,45.1019142,46.25873702,47.40691414,48.54624606,49.67680825,50.79837389,51.91071534,53.01336696,54.10658659,55.1898927,56.26326474,57.32602571
People using at least basic sanitation services (% of population),Tunisia,76.51507747,77.24806491,78.330102,79.41239397,80.48797796,81.53564876,82.58656838,83.63972586,84.69518496,85.75264335,86.81155369,87.87214983,88.933868,89.99604791,91.05902834,92.1233998,93.18816533,94.2525027,95.31562919,96.3765732,97.43446006,97.43598122
People using at least basic sanitation services (% of population),Uzbekistan,93.37661478,93.53769214,93.69570094,93.85058417,94.00228922,94.15081245,94.29619128,94.43838154,94.57738672,94.71317751,94.84581108,94.97018435,95.08910005,95.20867734,95.32890866,95.44980021,95.57135082,95.69355737,95.81627052,95.93921785,96.06212178,96.18470035
People using at least basic sanitation services (% of population),Vanuatu,55.44600068,55.50012233,55.55462826,55.60990563,55.66557481,55.23983659,54.80688875,54.36650167,53.91880342,53.46373538,52.9826268,52.48506501,51.98299094,51.47626431,50.96488692,50.44886522,49.9282986,49.40308353,48.87403984,48.340869,47.80349573,47.26155014
People using at least basic sanitation services (% of population),Viet Nam,49.95977823,51.87229517,53.77333071,55.66101807,57.5360831,59.52866169,61.51574053,63.49686211,65.47127345,67.43909718,69.40268786,71.35787687,73.30446742,75.24108775,77.16824908,79.08526814,80.99151927,82.88575983,84.76794041,86.6378025,88.49510796,90.33926069
People using at least basic sanitation services (% of population),West Bank and Gaza,90.3399117,90.39237984,90.4447659,90.49697966,90.97987475,91.46209045,91.94368563,92.42469604,92.90505393,93.38501943,93.86456903,94.34364373,94.82218224,95.30014476,95.77748097,96.25413364,96.73006035,97.20523254,97.67959074,98.15310988,98.62573717,99.09743989
People using at least basic sanitation services (% of population),Zambia,19.94496186,20.72096212,21.59960865,22.47368153,23.342723,24.20593232,25.06320274,25.91375447,26.7577326,27.59350999,28.42177534,29.24150528,30.05340882,30.85702846,31.65122183,32.43571045,33.20939417,33.97175718,34.72206919,35.45946715,36.1832543,36.24199885
People using at least basic sanitation services (% of population),Zimbabwe,44.51700806,44.63278295,44.82097257,44.86259876,44.88168998,44.25558942,43.63137397,43.00931766,42.38917582,41.77119914,41.15516783,40.54131061,39.92942473,39.3197199,38.71708711,38.12064815,37.52919057,36.94167427,36.35716013,35.77433581,35.19236182,34.60995021
